"","ligand","receptor","species","celltype_sender","celltype_receiver","lr_co_exp_num","lr_co_ratio","lr_co_ratio_pvalue","score"
"182","INHBA","SMAD3","Human","TDuct_epithelium","TCancer_region",4,0.0285714285714286,0.09,0.742708978531734
"220","LAMA5","SDC1","Human","TDuct_epithelium","TCancer_region",10,0.0714285714285714,0.073,0.702285088310587
"228","JAG1","NOTCH3","Human","TDuct_epithelium","TCancer_region",13,0.0928571428571429,0.034,0.935561101711854
"390","FGF7","FGFR3","Human","TDuct_epithelium","TCancer_region",5,0.0357142857142857,0,0.709665369373703
"560","GNAI2","EDNRA","Human","TDuct_epithelium","TCancer_region",12,0.0857142857142857,0.003,0.721941323917298
"688","ADAM12","SDC4","Human","TDuct_epithelium","TCancer_region",10,0.0714285714285714,0.003,0.713541420095778
"786","ADAM9","ITGA3","Human","TDuct_epithelium","TCancer_region",11,0.0785714285714286,0.001,0.717742430753316
"820","LAMA5","ITGB4","Human","TDuct_epithelium","TCancer_region",12,0.0857142857142857,0.014,0.716529798689628
"1011","SLIT2","GPC1","Human","TDuct_epithelium","TCancer_region",6,0.0428571428571429,0,0.711971718465103
"1185","FGB","ITGA5","Human","TDuct_epithelium","TCancer_region",12,0.0857142857142857,0,0.716569423460673
"1400","SLIT2","SDC1","Human","TDuct_epithelium","TCancer_region",7,0.05,0.001,0.729048337818626
"13","ICAM3","ITGB2","Human","TDuct_epithelium","TPancreatic_tissue",2,0.028169014084507,0.042,0.926197393579608
"34","EFNB1","EPHB4","Human","TDuct_epithelium","TPancreatic_tissue",5,0.0704225352112676,0.022,0.744489545497608
"36","EFNB1","EPHB3","Human","TDuct_epithelium","TPancreatic_tissue",3,0.0422535211267606,0.033,0.701479271264863
"37","EFNB1","EPHB2","Human","TDuct_epithelium","TPancreatic_tissue",4,0.0563380281690141,0,0.755656394081213
"49","MADCAM1","CD44","Human","TDuct_epithelium","TPancreatic_tissue",1,0.0140845070422535,0.056,0.879608322544176
"51","MIF","CXCR4","Human","TDuct_epithelium","TPancreatic_tissue",2,0.028169014084507,0.013,0.864187246582048
"52","MIF","CD44","Human","TDuct_epithelium","TPancreatic_tissue",2,0.028169014084507,0.082,0.867410496652567
"65","MMP2","FGFR1","Human","TDuct_epithelium","TPancreatic_tissue",9,0.126760563380282,0.048,0.971593011204891
"70","PLAT","ITGB2","Human","TDuct_epithelium","TPancreatic_tissue",6,0.0845070422535211,0,0.94628248124695
"81","TGFB1","SMAD3","Human","TDuct_epithelium","TPancreatic_tissue",6,0.0845070422535211,0.022,0.873594373176731
"84","TGFB1","ITGB6","Human","TDuct_epithelium","TPancreatic_tissue",5,0.0704225352112676,0.058,0.807343293878883
"85","TGFB1","ITGAV","Human","TDuct_epithelium","TPancreatic_tissue",9,0.126760563380282,0.001,0.902217713820061
"87","TGFB1","SDC2","Human","TDuct_epithelium","TPancreatic_tissue",4,0.0563380281690141,0,0.867661725532209
"89","TGFB1","CXCR4","Human","TDuct_epithelium","TPancreatic_tissue",5,0.0704225352112676,0.006,0.867246326047384
"90","TGFB1","ITGB5","Human","TDuct_epithelium","TPancreatic_tissue",11,0.154929577464789,0.002,0.814043811170653
"100","LAMB1","ITGAV","Human","TDuct_epithelium","TPancreatic_tissue",4,0.0563380281690141,0.095,0.858722604421606
"101","LAMB1","ITGB1","Human","TDuct_epithelium","TPancreatic_tissue",4,0.0563380281690141,0.049,0.876716403956962
"102","LAMB1","ITGA6","Human","TDuct_epithelium","TPancreatic_tissue",3,0.0422535211267606,0.063,0.695444383123245
"106","SERPINE1","ITGAV","Human","TDuct_epithelium","TPancreatic_tissue",5,0.0704225352112676,0.007,0.899504270941625
"107","SERPINE1","ITGB5","Human","TDuct_epithelium","TPancreatic_tissue",4,0.0563380281690141,0.085,0.779458603892895
"113","COL1A1","ITGA5","Human","TDuct_epithelium","TPancreatic_tissue",18,0.253521126760563,0.027,0.831352487043719
"116","COL1A1","ITGA1","Human","TDuct_epithelium","TPancreatic_tissue",9,0.126760563380282,0.022,0.707913133328725
"117","COL1A1","CD44","Human","TDuct_epithelium","TPancreatic_tissue",16,0.225352112676056,0.001,0.904869764418728
"118","COL1A1","ITGAV","Human","TDuct_epithelium","TPancreatic_tissue",21,0.295774647887324,0,0.902669161290804
"119","COL1A1","ITGB1","Human","TDuct_epithelium","TPancreatic_tissue",10,0.140845070422535,0.025,0.887710142561269
"122","COL1A1","ITGA2","Human","TDuct_epithelium","TPancreatic_tissue",12,0.169014084507042,0.005,0.888363325255111
"130","VTN","ITGAV","Human","TDuct_epithelium","TPancreatic_tissue",4,0.0563380281690141,0.002,0.901766040343033
"131","VTN","ITGB1","Human","TDuct_epithelium","TPancreatic_tissue",3,0.0422535211267606,0.006,0.89631789313946
"140","SELPLG","ITGB2","Human","TDuct_epithelium","TPancreatic_tissue",2,0.028169014084507,0.008,0.942489750628815
"155","TFPI","SDC4","Human","TDuct_epithelium","TPancreatic_tissue",7,0.0985915492957746,0,0.837416215148633
"163","FGF23","FGFR4","Human","TDuct_epithelium","TPancreatic_tissue",7,0.0985915492957746,0,0.997414057643459
"164","FGF23","FGFR1","Human","TDuct_epithelium","TPancreatic_tissue",9,0.126760563380282,0,0.995785752106815
"165","FGF23","FGFR3","Human","TDuct_epithelium","TPancreatic_tissue",13,0.183098591549296,0,0.997715736172571
"166","TGFB3","ITGB1","Human","TDuct_epithelium","TPancreatic_tissue",3,0.0422535211267606,0.025,0.887710142561269
"196","BMP4","BMPR2","Human","TDuct_epithelium","TPancreatic_tissue",1,0.0140845070422535,0.032,0.76647191723141
"205","C3","ITGAX","Human","TDuct_epithelium","TPancreatic_tissue",10,0.140845070422535,0.024,0.925294838362781
"206","C3","ADRA2A","Human","TDuct_epithelium","TPancreatic_tissue",19,0.267605633802817,0,0.840011237112443
"207","C3","ITGB2","Human","TDuct_epithelium","TPancreatic_tissue",6,0.0845070422535211,0.097,0.899217344409204
"221","LAMA5","ITGA6","Human","TDuct_epithelium","TPancreatic_tissue",3,0.0422535211267606,0.01,0.71484223775968
"2281","JAG1","NOTCH3","Human","TDuct_epithelium","TPancreatic_tissue",7,0.0985915492957746,0.073,0.954001398906162
"241","LAMC1","ITGAV","Human","TDuct_epithelium","TPancreatic_tissue",3,0.0422535211267606,0.051,0.879349886219032
"243","LAMC1","ITGA2","Human","TDuct_epithelium","TPancreatic_tissue",3,0.0422535211267606,0.031,0.876679738072373
"244","IL1RN","IL1R1","Human","TDuct_epithelium","TPancreatic_tissue",10,0.140845070422535,0,0.831260003205635
"253","MMP7","CD44","Human","TDuct_epithelium","TPancreatic_tissue",7,0.0985915492957746,0.017,0.89759431157281
"254","MMP7","SDC1","Human","TDuct_epithelium","TPancreatic_tissue",14,0.197183098591549,0.047,0.920099815422099
"258","THBS1","ITGB1","Human","TDuct_epithelium","TPancreatic_tissue",3,0.0422535211267606,0.083,0.860901653478544
"261","THBS1","ITGA6","Human","TDuct_epithelium","TPancreatic_tissue",3,0.0422535211267606,0.034,0.706124323359253
"275","COL8A1","ITGA2","Human","TDuct_epithelium","TPancreatic_tissue",2,0.028169014084507,0.054,0.866212903480171
"286","SEMA7A","ITGB1","Human","TDuct_epithelium","TPancreatic_tissue",2,0.028169014084507,0.086,0.859492263741929
"287","SEMA7A","ITGA1","Human","TDuct_epithelium","TPancreatic_tissue",2,0.028169014084507,0.064,0.692545746875184
"293","LGALS3BP","ITGB1","Human","TDuct_epithelium","TPancreatic_tissue",10,0.140845070422535,0.062,0.870703506178277
"331","ICAM1","ITGAX","Human","TDuct_epithelium","TPancreatic_tissue",6,0.0845070422535211,0.001,0.936133904883179
"334","ICAM1","ITGB2","Human","TDuct_epithelium","TPancreatic_tissue",4,0.0563380281690141,0.007,0.942964676207269
"344","VCAN","CD44","Human","TDuct_epithelium","TPancreatic_tissue",6,0.0845070422535211,0.051,0.881934717304105
"348","TNC","ITGA5","Human","TDuct_epithelium","TPancreatic_tissue",2,0.028169014084507,0.072,0.811900424206507
"349","TNC","SDC1","Human","TDuct_epithelium","TPancreatic_tissue",4,0.0563380281690141,0.021,0.932566561523193
"356","TNC","SDC4","Human","TDuct_epithelium","TPancreatic_tissue",4,0.0563380281690141,0.016,0.830689871561921
"358","TNC","ITGA2","Human","TDuct_epithelium","TPancreatic_tissue",2,0.028169014084507,0.023,0.880291204394802
"384","LUM","ITGB1","Human","TDuct_epithelium","TPancreatic_tissue",5,0.0704225352112676,0.011,0.894060730419837
"405","CALM2","INSR","Human","TDuct_epithelium","TPancreatic_tissue",5,0.0704225352112676,0.046,0.922719470081032
"409","CALM2","AQP1","Human","TDuct_epithelium","TPancreatic_tissue",6,0.0845070422535211,0.081,0.678677241317719
"429","APP","NCSTN","Human","TDuct_epithelium","TPancreatic_tissue",11,0.154929577464789,0.003,0.729597675473059
"438","SST","SSTR2","Human","TDuct_epithelium","TPancreatic_tissue",3,0.0422535211267606,0,0.845207686043243
"446","CALM3","INSR","Human","TDuct_epithelium","TPancreatic_tissue",13,0.183098591549296,0,0.944703441130649
"451","CALM3","AQP1","Human","TDuct_epithelium","TPancreatic_tissue",17,0.23943661971831,0,0.707954799189896
"462","FGF19","FGFR1","Human","TDuct_epithelium","TPancreatic_tissue",4,0.0563380281690141,0.007,0.992294381345699
"484","LIPH","LPAR2","Human","TDuct_epithelium","TPancreatic_tissue",5,0.0704225352112676,0.002,0.766548485591847
"509","FADD","TRADD","Human","TDuct_epithelium","TPancreatic_tissue",3,0.0422535211267606,0.001,0.863814659844206
"534","FGA","ITGAX","Human","TDuct_epithelium","TPancreatic_tissue",4,0.0563380281690141,0.024,0.925294838362781
"554","CLCF1","IL6ST","Human","TDuct_epithelium","TPancreatic_tissue",2,0.028169014084507,0.03,0.984885640804049
"563","GNAI2","F2R","Human","TDuct_epithelium","TPancreatic_tissue",6,0.0845070422535211,0.004,0.804371411058868
"585","MMP1","CD44","Human","TDuct_epithelium","TPancreatic_tissue",17,0.23943661971831,0,0.905322538910119
"589","MTMR4","SMAD3","Human","TDuct_epithelium","TPancreatic_tissue",2,0.028169014084507,0.032,0.869116668790973
"606","FBLN1","ITGB1","Human","TDuct_epithelium","TPancreatic_tissue",10,0.140845070422535,0.006,0.89631789313946
"629","HMGB1","SDC1","Human","TDuct_epithelium","TPancreatic_tissue",10,0.140845070422535,0.044,0.921546893352287
"632","HMGB1","CXCR4","Human","TDuct_epithelium","TPancreatic_tissue",4,0.0563380281690141,0.002,0.868989536501965
"647","ADAM15","ITGB1","Human","TDuct_epithelium","TPancreatic_tissue",9,0.126760563380282,0,0.899019007931251
"666","COL6A1","ITGA6","Human","TDuct_epithelium","TPancreatic_tissue",5,0.0704225352112676,0.015,0.713034795580888
"705","COL5A1","ITGB1","Human","TDuct_epithelium","TPancreatic_tissue",6,0.0845070422535211,0.026,0.887254789803654
"706","CEL","CXCR4","Human","TDuct_epithelium","TPancreatic_tissue",10,0.140845070422535,0.001,0.869424792996325
"717","PLAU","ITGB1","Human","TDuct_epithelium","TPancreatic_tissue",3,0.0422535211267606,0.085,0.859962316970253
"720","COL16A1","ITGB1","Human","TDuct_epithelium","TPancreatic_tissue",5,0.0704225352112676,0.022,0.889074801541475
"722","HSPG2","ITGB1","Human","TDuct_epithelium","TPancreatic_tissue",10,0.140845070422535,0.021,0.889529222629945
"723","HSPG2","FGFR1","Human","TDuct_epithelium","TPancreatic_tissue",19,0.267605633802817,0,0.995785752106815
"737","AGRN","ITGB1","Human","TDuct_epithelium","TPancreatic_tissue",3,0.0422535211267606,0.009,0.894964278634681
"740","ZG16B","CXCR4","Human","TDuct_epithelium","TPancreatic_tissue",5,0.0704225352112676,0.004,0.86811836882783
"749","SPP1","CD44","Human","TDuct_epithelium","TPancreatic_tissue",10,0.140845070422535,0.069,0.873530700889222
"750","SPP1","ITGB1","Human","TDuct_epithelium","TPancreatic_tissue",9,0.126760563380282,0.022,0.889074801541475
"754","CXCL12","ITGB1","Human","TDuct_epithelium","TPancreatic_tissue",3,0.0422535211267606,0.001,0.898569385993685
"768","S100A10","CFTR","Human","TDuct_epithelium","TPancreatic_tissue",17,0.23943661971831,0,0.868996795740593
"784","COL4A3","ITGA3","Human","TDuct_epithelium","TPancreatic_tissue",1,0.0140845070422535,0.058,0.796514490191316
"810","RTN4","NGFR","Human","TDuct_epithelium","TPancreatic_tissue",2,0.028169014084507,0.026,0.707307350066835
"811","APP","NGFR","Human","TDuct_epithelium","TPancreatic_tissue",7,0.0985915492957746,0,0.716685623416343
"882","HLA-B","CANX","Human","TDuct_epithelium","TPancreatic_tissue",17,0.23943661971831,0,0.729353399112968
"901","ADM2","RAMP1","Human","TDuct_epithelium","TPancreatic_tissue",3,0.0422535211267606,0.031,0.806785032924248
"921","CD14","RIPK1","Human","TDuct_epithelium","TPancreatic_tissue",4,0.0563380281690141,0.032,0.890631196670812
"932","TNC","ITGAV","Human","TDuct_epithelium","TPancreatic_tissue",2,0.028169014084507,0.036,0.886272191042124
"936","SPP1","ITGAV","Human","TDuct_epithelium","TPancreatic_tissue",16,0.225352112676056,0,0.902669161290804
"938","PDGFB","ITGAV","Human","TDuct_epithelium","TPancreatic_tissue",3,0.0422535211267606,0.013,0.896782617892292
"941","CALR","ITGAV","Human","TDuct_epithelium","TPancreatic_tissue",14,0.197183098591549,0.01,0.898144475347919
"943","FGA","ITGAV","Human","TDuct_epithelium","TPancreatic_tissue",8,0.112676056338028,0,0.902669161290804
"950","VEGFA","ITGAV","Human","TDuct_epithelium","TPancreatic_tissue",6,0.0845070422535211,0.001,0.902217713820061
"951","ADAM15","ITGAV","Human","TDuct_epithelium","TPancreatic_tissue",16,0.225352112676056,0,0.902669161290804
"952","COL1A2","ITGAV","Human","TDuct_epithelium","TPancreatic_tissue",8,0.112676056338028,0.095,0.858722604421606
"966","PDGFB","PDGFRB","Human","TDuct_epithelium","TPancreatic_tissue",3,0.0422535211267606,0.053,0.972700940170743
"988","SCGB3A1","NOTCH3","Human","TDuct_epithelium","TPancreatic_tissue",29,0.408450704225352,0,0.990852807974578
"989","JAG2","NOTCH3","Human","TDuct_epithelium","TPancreatic_tissue",6,0.0845070422535211,0.007,0.987378732838422
"1007","NRG1","GPC1","Human","TDuct_epithelium","TPancreatic_tissue",2,0.028169014084507,0.003,0.858504996028391
"1008","APP","GPC1","Human","TDuct_epithelium","TPancreatic_tissue",17,0.23943661971831,0.01,0.855485878427116
"1010","COL18A1","GPC1","Human","TDuct_epithelium","TPancreatic_tissue",17,0.23943661971831,0.025,0.848980187978084
"1013","VEGFA","GPC1","Human","TDuct_epithelium","TPancreatic_tissue",9,0.126760563380282,0,0.859795658239497
"1016","TNC","ITGA9","Human","TDuct_epithelium","TPancreatic_tissue",1,0.0140845070422535,0.044,0.695568386086937
"1017","VEGFC","ITGA9","Human","TDuct_epithelium","TPancreatic_tissue",1,0.0140845070422535,0.016,0.705681021887884
"1019","SPP1","ITGA9","Human","TDuct_epithelium","TPancreatic_tissue",14,0.197183098591549,0,0.711395131543411
"1023","TGM2","ITGA9","Human","TDuct_epithelium","TPancreatic_tissue",9,0.126760563380282,0,0.711395131543411
"1024","VEGFA","ITGA9","Human","TDuct_epithelium","TPancreatic_tissue",8,0.112676056338028,0,0.711395131543411
"1026","ADAM15","ITGA9","Human","TDuct_epithelium","TPancreatic_tissue",8,0.112676056338028,0,0.711395131543411
"1027","FN1","ITGA9","Human","TDuct_epithelium","TPancreatic_tissue",3,0.0422535211267606,0.01,0.707829218704505
"1029","VEGFB","NRP1","Human","TDuct_epithelium","TPancreatic_tissue",2,0.028169014084507,0.081,0.775173454854269
"1031","PGF","NRP1","Human","TDuct_epithelium","TPancreatic_tissue",3,0.0422535211267606,0,0.808613777151517
"1032","SEMA3E","NRP1","Human","TDuct_epithelium","TPancreatic_tissue",2,0.028169014084507,0.001,0.808209369135649
"1035","VEGFA","NRP1","Human","TDuct_epithelium","TPancreatic_tissue",2,0.028169014084507,0.041,0.791863709696734
"1052","GNAI2","IGF1R","Human","TDuct_epithelium","TPancreatic_tissue",11,0.154929577464789,0,0.931357739562592
"1057","NRG1","ERBB2","Human","TDuct_epithelium","TPancreatic_tissue",1,0.0140845070422535,0.099,0.949129175498931
"1106","GNAI2","ADRA2A","Human","TDuct_epithelium","TPancreatic_tissue",13,0.183098591549296,0,0.840011237112443
"1107","AGT","ADRA2A","Human","TDuct_epithelium","TPancreatic_tissue",8,0.112676056338028,0,0.840011237112443
"1110","CCL5","ADRA2A","Human","TDuct_epithelium","TPancreatic_tissue",3,0.0422535211267606,0,0.840011237112443
"1111","SST","ADRA2A","Human","TDuct_epithelium","TPancreatic_tissue",3,0.0422535211267606,0,0.840011237112443
"1115","PYY","ADRA2A","Human","TDuct_epithelium","TPancreatic_tissue",3,0.0422535211267606,0,0.840011237112443
"1119","CCL19","ADRA2A","Human","TDuct_epithelium","TPancreatic_tissue",1,0.0140845070422535,0.098,0.797789589042506
"1120","APP","ADRA2A","Human","TDuct_epithelium","TPancreatic_tissue",10,0.140845070422535,0.001,0.839591126439949
"1121","CXCL1","ADRA2A","Human","TDuct_epithelium","TPancreatic_tissue",2,0.028169014084507,0.08,0.805710474176154
"1123","PPY","ADRA2A","Human","TDuct_epithelium","TPancreatic_tissue",11,0.154929577464789,0.006,0.837487411967682
"1143","COL6A1","ITGA1","Human","TDuct_epithelium","TPancreatic_tissue",4,0.0563380281690141,0.094,0.681356872768534
"1182","SPP1","ITGA5","Human","TDuct_epithelium","TPancreatic_tissue",15,0.211267605633803,0.044,0.824057898397919
"1184","FGA","ITGA5","Human","TDuct_epithelium","TPancreatic_tissue",8,0.112676056338028,0.009,0.839007044826565
"1189","ADAM15","ITGA5","Human","TDuct_epithelium","TPancreatic_tissue",10,0.140845070422535,0.014,0.836887801621803
"1207","SPP1","ITGB5","Human","TDuct_epithelium","TPancreatic_tissue",21,0.295774647887324,0,0.814859078086218
"1208","TLN1","ITGB5","Human","TDuct_epithelium","TPancreatic_tissue",9,0.126760563380282,0.002,0.814043811170653
"1209","COL4A2","ITGB5","Human","TDuct_epithelium","TPancreatic_tissue",16,0.225352112676056,0.003,0.813635871374967
"1211","COL18A1","ITGB5","Human","TDuct_epithelium","TPancreatic_tissue",13,0.183098591549296,0.024,0.805021384516071
"1213","LTBP3","ITGB5","Human","TDuct_epithelium","TPancreatic_tissue",12,0.169014084507042,0.013,0.809545167372832
"1220","COL6A1","ITGA2","Human","TDuct_epithelium","TPancreatic_tissue",6,0.0845070422535211,0.025,0.879389728270577
"1225","MMP1","ITGA2","Human","TDuct_epithelium","TPancreatic_tissue",15,0.211267605633803,0,0.890592596828622
"1226","HSPG2","ITGA2","Human","TDuct_epithelium","TPancreatic_tissue",10,0.140845070422535,0.036,0.874414997171832
"1229","COL1A2","ITGA2","Human","TDuct_epithelium","TPancreatic_tissue",7,0.0985915492957746,0.081,0.853762030351752
"1243","GAS6","AXL","Human","TDuct_epithelium","TPancreatic_tissue",10,0.140845070422535,0.057,0.970140161480881
"1253","HRAS","INSR","Human","TDuct_epithelium","TPancreatic_tissue",7,0.0985915492957746,0,0.944703441130649
"1254","CALM1","INSR","Human","TDuct_epithelium","TPancreatic_tissue",9,0.126760563380282,0.002,0.943758264864854
"1274","LGALS9","MRC2","Human","TDuct_epithelium","TPancreatic_tissue",10,0.140845070422535,0.001,0.880940007156869
"1275","CALM1","AQP1","Human","TDuct_epithelium","TPancreatic_tissue",9,0.126760563380282,0.059,0.686752646760055
"1303","ADM2","VIPR1","Human","TDuct_epithelium","TPancreatic_tissue",2,0.028169014084507,0.008,0.845761790047568
"1304","GNAS","VIPR1","Human","TDuct_epithelium","TPancreatic_tissue",6,0.0845070422535211,0.001,0.848740582932081
"1305","PTMA","VIPR1","Human","TDuct_epithelium","TPancreatic_tissue",9,0.126760563380282,0,0.84916527176673
"1306","CALM1","VIPR1","Human","TDuct_epithelium","TPancreatic_tissue",4,0.0563380281690141,0.012,0.844054902757734
"1374","CCL5","SDC4","Human","TDuct_epithelium","TPancreatic_tissue",9,0.126760563380282,0,0.837416215148633
"1385","VEGFA","EPHB2","Human","TDuct_epithelium","TPancreatic_tissue",3,0.0422535211267606,0.001,0.755278471379865
"1399","CCL5","SDC1","Human","TDuct_epithelium","TPancreatic_tissue",6,0.0845070422535211,0.003,0.941100647920303
"1410","VEGFC","ITGB1","Human","TDuct_epithelium","TPancreatic_tissue",2,0.028169014084507,0,0.899019007931251
"1421","VEGFA","ITGB1","Human","TDuct_epithelium","TPancreatic_tissue",4,0.0563380281690141,0.02,0.889983411693306
"1428","ADAM9","ITGA6","Human","TDuct_epithelium","TPancreatic_tissue",2,0.028169014084507,0.058,0.697297422334157
"1438","SEMA4D","PLXNB2","Human","TDuct_epithelium","TPancreatic_tissue",4,0.0563380281690141,0.069,0.778764921421708
"303","NID1","PTPRF","Human","TStroma","TDuct_epithelium",12,0.028169014084507,0.087,0.714026064453778
"800","ADCYAP1","SCTR","Human","TStroma","TDuct_epithelium",2,0.00469483568075117,0.035,0.743829942383084
"809","LTB","TNFRSF1A","Human","TStroma","TDuct_epithelium",30,0.0704225352112676,0.001,0.714466419440222
"1373","CXCL12","SDC4","Human","TStroma","TDuct_epithelium",19,0.0446009389671361,0,0.710158357082506
"13741","CCL5","SDC4","Human","TStroma","TDuct_epithelium",14,0.0328638497652582,0.091,0.677075569600557
"301","LAMC2","ITGA2","Human","TStroma","TCancer_region",30,0.0890207715133531,0.006,0.72579905445928
"792","LAMC2","ITGA3","Human","TStroma","TCancer_region",80,0.237388724035608,0.004,0.728778326427826
"808","TNF","TNFRSF1A","Human","TStroma","TCancer_region",6,0.0178041543026706,0.015,0.977360886322143
"825","LAMC2","ITGB4","Human","TStroma","TCancer_region",93,0.275964391691395,0.012,0.726996306604316
"1227","LAMB3","ITGA2","Human","TStroma","TCancer_region",20,0.0593471810089021,0.061,0.705433373612939
"1","SEMA3F","PLXNA3","Human","TStroma","TPancreatic_tissue",14,0.0469798657718121,0.004,0.826279013824395
"4","HEBP1","ADRA2A","Human","TStroma","TPancreatic_tissue",10,0.0335570469798658,0,0.870690341891388
"132","ICAM3","ITGB2","Human","TStroma","TPancreatic_tissue",11,0.0369127516778524,0,0.98530642748959
"25","NTN1","NEO1","Human","TStroma","TPancreatic_tissue",3,0.0100671140939597,0,0.81650376864818
"33","EFNB1","EPHB6","Human","TStroma","TPancreatic_tissue",18,0.0604026845637584,0,0.834292947105021
"341","EFNB1","EPHB4","Human","TStroma","TPancreatic_tissue",24,0.0805369127516778,0,0.820948345723828
"35","EFNB1","ERBB2","Human","TStroma","TPancreatic_tissue",27,0.0906040268456376,0.001,0.999498959776131
"372","EFNB1","EPHB2","Human","TStroma","TPancreatic_tissue",12,0.0402684563758389,0,0.840741575461747
"39","SEMA4G","PLXNB2","Human","TStroma","TPancreatic_tissue",26,0.087248322147651,0.004,0.945447121294457
"40","VCL","ITGB5","Human","TStroma","TPancreatic_tissue",17,0.0570469798657718,0,0.857335721666648
"45","EFNA2","EPHA2","Human","TStroma","TPancreatic_tissue",9,0.0302013422818792,0.002,0.99781998666411
"511","MIF","CXCR4","Human","TStroma","TPancreatic_tissue",9,0.0302013422818792,0,0.988899770919097
"521","MIF","CD44","Human","TStroma","TPancreatic_tissue",19,0.063758389261745,0,0.930724413574934
"56","OSM","IL6ST","Human","TStroma","TPancreatic_tissue",11,0.0369127516778524,0,0.999999988996626
"57","OSM","OSMR","Human","TStroma","TPancreatic_tissue",6,0.0201342281879195,0,0.999983887867779
"59","LGALS1","ITGB1","Human","TStroma","TPancreatic_tissue",25,0.0838926174496644,0.032,0.956062438867246
"63","MMP2","PECAM1","Human","TStroma","TPancreatic_tissue",49,0.164429530201342,0,0.986401444980372
"64","MMP2","SDC2","Human","TStroma","TPancreatic_tissue",22,0.0738255033557047,0,0.925606484827446
"651","MMP2","FGFR1","Human","TStroma","TPancreatic_tissue",52,0.174496644295302,0,0.999809212451479
"701","PLAT","ITGB2","Human","TStroma","TPancreatic_tissue",19,0.063758389261745,0,0.98530642748959
"812","TGFB1","SMAD3","Human","TStroma","TPancreatic_tissue",16,0.0536912751677852,0.02,0.961451453498229
"851","TGFB1","ITGAV","Human","TStroma","TPancreatic_tissue",30,0.100671140939597,0,0.999824702638968
"86","TGFB1","ITGB1","Human","TStroma","TPancreatic_tissue",16,0.0536912751677852,0.008,0.967841886502801
"871","TGFB1","SDC2","Human","TStroma","TPancreatic_tissue",15,0.0503355704697987,0,0.925606484827446
"88","TGFB1","ITGB8","Human","TStroma","TPancreatic_tissue",11,0.0369127516778524,0,0.741430028319832
"891","TGFB1","CXCR4","Human","TStroma","TPancreatic_tissue",14,0.0469798657718121,0.001,0.988405197359321
"902","TGFB1","ITGB5","Human","TStroma","TPancreatic_tissue",30,0.100671140939597,0,0.857335721666648
"91","COMP","ITGB1","Human","TStroma","TPancreatic_tissue",22,0.0738255033557047,0,0.971736638200636
"93","HGF","CD44","Human","TStroma","TPancreatic_tissue",13,0.0436241610738255,0,0.930724413574934
"94","HGF","SDC1","Human","TStroma","TPancreatic_tissue",13,0.0436241610738255,0.003,0.976443506697531
"95","HGF","ITGB1","Human","TStroma","TPancreatic_tissue",8,0.0268456375838926,0,0.971736638200636
"97","HGF","SDC2","Human","TStroma","TPancreatic_tissue",5,0.0167785234899329,0,0.925606484827446
"1001","LAMB1","ITGAV","Human","TStroma","TPancreatic_tissue",20,0.0671140939597315,0,0.999824702638968
"1014","LAMB1","ITGB1","Human","TStroma","TPancreatic_tissue",12,0.0402684563758389,0.019,0.962460868937052
"1025","LAMB1","ITGA6","Human","TStroma","TPancreatic_tissue",10,0.0335570469798658,0.014,0.849093303550918
"103","LAMB1","ITGA1","Human","TStroma","TPancreatic_tissue",9,0.0302013422818792,0.052,0.718263552263813
"105","PDAP1","PDGFRB","Human","TStroma","TPancreatic_tissue",26,0.087248322147651,0,0.999959618592424
"1171","COL1A1","CD44","Human","TStroma","TPancreatic_tissue",61,0.204697986577181,0,0.930724413574934
"1181","COL1A1","ITGAV","Human","TStroma","TPancreatic_tissue",52,0.174496644295302,0,0.999824702638968
"1192","COL1A1","ITGB1","Human","TStroma","TPancreatic_tissue",29,0.0973154362416107,0.049,0.947630076250443
"128","VTN","ITGA5","Human","TStroma","TPancreatic_tissue",10,0.0335570469798658,0.001,0.885399215499741
"1301","VTN","ITGAV","Human","TStroma","TPancreatic_tissue",14,0.0469798657718121,0,0.999824702638968
"1311","VTN","ITGB1","Human","TStroma","TPancreatic_tissue",8,0.0268456375838926,0,0.971736638200636
"133","VTN","ITGB6","Human","TStroma","TPancreatic_tissue",5,0.0167785234899329,0.025,0.812624586549667
"134","VTN","ITGB5","Human","TStroma","TPancreatic_tissue",13,0.0436241610738255,0,0.857335721666648
"145","LAMA4","ITGA6","Human","TStroma","TPancreatic_tissue",10,0.0335570469798658,0,0.855100102164131
"146","LAMA4","ITGAV","Human","TStroma","TPancreatic_tissue",17,0.0570469798657718,0,0.999824702638968
"147","LAMA4","ITGB1","Human","TStroma","TPancreatic_tissue",11,0.0369127516778524,0,0.971736638200636
"148","HBEGF","CD44","Human","TStroma","TPancreatic_tissue",16,0.0536912751677852,0,0.930724413574934
"150","HBEGF","ERBB2","Human","TStroma","TPancreatic_tissue",15,0.0503355704697987,0.067,0.965918366869196
"1551","TFPI","SDC4","Human","TStroma","TPancreatic_tissue",39,0.130872483221477,0,0.888664549376595
"1631","FGF23","FGFR4","Human","TStroma","TPancreatic_tissue",19,0.063758389261745,0,0.999911216851535
"1641","FGF23","FGFR1","Human","TStroma","TPancreatic_tissue",27,0.0906040268456376,0,0.999809212451479
"1651","FGF23","FGFR3","Human","TStroma","TPancreatic_tissue",25,0.0838926174496644,0,0.999918070661989
"1661","TGFB3","ITGB1","Human","TStroma","TPancreatic_tissue",8,0.0268456375838926,0.005,0.96930425231264
"170","TGFB3","ITGB5","Human","TStroma","TPancreatic_tissue",12,0.0402684563758389,0.004,0.855619332113931
"177","TNFSF10","RIPK1","Human","TStroma","TPancreatic_tissue",15,0.0503355704697987,0,0.816775790888276
"2051","C3","ITGAX","Human","TStroma","TPancreatic_tissue",36,0.120805369127517,0,0.916825417338176
"2061","C3","ADRA2A","Human","TStroma","TPancreatic_tissue",56,0.187919463087248,0,0.870690341891388
"2071","C3","ITGB2","Human","TStroma","TPancreatic_tissue",38,0.12751677852349,0,0.98530642748959
"210","LIF","IL6ST","Human","TStroma","TPancreatic_tissue",11,0.0369127516778524,0,0.999999988996626
"215","APOE","TREM2","Human","TStroma","TPancreatic_tissue",11,0.0369127516778524,0.011,0.994482899496757
"217","APOE","SDC2","Human","TStroma","TPancreatic_tissue",21,0.0704697986577181,0,0.925606484827446
"219","EPO","EPHB4","Human","TStroma","TPancreatic_tissue",10,0.0335570469798658,0,0.820948345723828
"2201","LAMA5","SDC1","Human","TStroma","TPancreatic_tissue",24,0.0805369127516778,0.005,0.975463633388299
"2211","LAMA5","ITGA6","Human","TStroma","TPancreatic_tissue",11,0.0369127516778524,0,0.855100102164131
"222","LAMA5","ITGB1","Human","TStroma","TPancreatic_tissue",8,0.0268456375838926,0.01,0.966865747185853
"223","LAMA5","ITGA2","Human","TStroma","TPancreatic_tissue",7,0.023489932885906,0.035,0.731966577063387
"227","JAG1","NOTCH2","Human","TStroma","TPancreatic_tissue",11,0.0369127516778524,0.006,0.99330141504154
"232","SEMA6A","PLXNA2","Human","TStroma","TPancreatic_tissue",9,0.0302013422818792,0,0.83169841204717
"238","LAMC1","ITGA6","Human","TStroma","TPancreatic_tissue",17,0.0570469798657718,0,0.855100102164131
"239","LAMC1","ITGA1","Human","TStroma","TPancreatic_tissue",10,0.0335570469798658,0,0.737699790938901
"2411","LAMC1","ITGAV","Human","TStroma","TPancreatic_tissue",26,0.087248322147651,0,0.999824702638968
"242","LAMC1","ITGB1","Human","TStroma","TPancreatic_tissue",15,0.0503355704697987,0,0.971736638200636
"2431","LAMC1","ITGA2","Human","TStroma","TPancreatic_tissue",8,0.0268456375838926,0.004,0.743630618691207
"2441","IL1RN","IL1R1","Human","TStroma","TPancreatic_tissue",17,0.0570469798657718,0,0.993481831084104
"250","CCL21","ADRA2A","Human","TStroma","TPancreatic_tissue",17,0.0570469798657718,0,0.870690341891388
"252","TGS1","RXRA","Human","TStroma","TPancreatic_tissue",8,0.0268456375838926,0,0.836766944145799
"2531","MMP7","CD44","Human","TStroma","TPancreatic_tissue",60,0.201342281879195,0,0.930724413574934
"2541","MMP7","SDC1","Human","TStroma","TPancreatic_tissue",77,0.258389261744966,0,0.977911475714839
"257","THBS1","SDC1","Human","TStroma","TPancreatic_tissue",40,0.134228187919463,0,0.977911475714839
"2581","THBS1","ITGB1","Human","TStroma","TPancreatic_tissue",17,0.0570469798657718,0,0.971736638200636
"259","THBS1","LRP5","Human","TStroma","TPancreatic_tissue",17,0.0570469798657718,0,0.979877962938972
"260","THBS1","SDC4","Human","TStroma","TPancreatic_tissue",38,0.12751677852349,0,0.888664549376595
"2611","THBS1","ITGA6","Human","TStroma","TPancreatic_tissue",18,0.0604026845637584,0,0.855100102164131
"263","ADAM10","GPNMB","Human","TStroma","TPancreatic_tissue",19,0.063758389261745,0,1
"266","ADAM10","CD44","Human","TStroma","TPancreatic_tissue",27,0.0906040268456376,0,0.930724413574934
"267","ADAM10","TSPAN14","Human","TStroma","TPancreatic_tissue",19,0.063758389261745,0,0.754509573841855
"272","ADAM10","TREM2","Human","TStroma","TPancreatic_tissue",7,0.023489932885906,0,0.999998097769413
"273","ADAM10","AXL","Human","TStroma","TPancreatic_tissue",31,0.104026845637584,0,0.999457430638606
"279","CDH1","LRP5","Human","TStroma","TPancreatic_tissue",10,0.0335570469798658,0.014,0.972994640654244
"280","CDH1","IGF1R","Human","TStroma","TPancreatic_tissue",13,0.0436241610738255,0,0.998102774719625
"282","CDH1","ERBB3","Human","TStroma","TPancreatic_tissue",17,0.0570469798657718,0.026,0.986914383156344
"284","CDH1","PTPRM","Human","TStroma","TPancreatic_tissue",12,0.0402684563758389,0,0.911748695189274
"285","CDH1","PTPRF","Human","TStroma","TPancreatic_tissue",31,0.104026845637584,0,0.998511196240919
"2861","SEMA7A","ITGB1","Human","TStroma","TPancreatic_tissue",8,0.0268456375838926,0.001,0.971250648353684
"2871","SEMA7A","ITGA1","Human","TStroma","TPancreatic_tissue",5,0.0167785234899329,0.05,0.719020815049004
"291","TIMP2","CD44","Human","TStroma","TPancreatic_tissue",60,0.201342281879195,0,0.930724413574934
"292","TIMP2","ITGB1","Human","TStroma","TPancreatic_tissue",29,0.0973154362416107,0.004,0.969791217554267
"295","FARP2","PLXNA3","Human","TStroma","TPancreatic_tissue",4,0.0134228187919463,0.06,0.802714263559021
"297","FARP2","PLXNA2","Human","TStroma","TPancreatic_tissue",6,0.0201342281879195,0.001,0.831282458826831
"299","LAMC2","ITGA6","Human","TStroma","TPancreatic_tissue",17,0.0570469798657718,0.03,0.842175931251585
"302","NID1","ITGB1","Human","TStroma","TPancreatic_tissue",13,0.0436241610738255,0,0.971736638200636
"3031","NID1","PTPRF","Human","TStroma","TPancreatic_tissue",39,0.130872483221477,0,0.998511196240919
"304","FGF2","SDC1","Human","TStroma","TPancreatic_tissue",13,0.0436241610738255,0,0.977911475714839
"305","FGF2","FGFR1","Human","TStroma","TPancreatic_tissue",14,0.0469798657718121,0,0.999809212451479
"307","FGF2","CD44","Human","TStroma","TPancreatic_tissue",13,0.0436241610738255,0,0.930724413574934
"308","FGF2","SDC4","Human","TStroma","TPancreatic_tissue",15,0.0503355704697987,0,0.888664549376595
"309","FGF2","SDC2","Human","TStroma","TPancreatic_tissue",5,0.0167785234899329,0,0.925606484827446
"310","FGF2","FGFR4","Human","TStroma","TPancreatic_tissue",10,0.0335570469798658,0,0.999911216851535
"311","FGF2","FGFR3","Human","TStroma","TPancreatic_tissue",13,0.0436241610738255,0,0.999918070661989
"3311","ICAM1","ITGAX","Human","TStroma","TPancreatic_tissue",11,0.0369127516778524,0.015,0.909923245768104
"3341","ICAM1","ITGB2","Human","TStroma","TPancreatic_tissue",9,0.0302013422818792,0.007,0.981851798776135
"3441","VCAN","CD44","Human","TStroma","TPancreatic_tissue",31,0.104026845637584,0,0.930724413574934
"346","VCAN","ITGB1","Human","TStroma","TPancreatic_tissue",16,0.0536912751677852,0.007,0.968329587156833
"3481","TNC","ITGA5","Human","TStroma","TPancreatic_tissue",10,0.0335570469798658,0,0.885842247409127
"3491","TNC","SDC1","Human","TStroma","TPancreatic_tissue",13,0.0436241610738255,0,0.977911475714839
"351","TNC","ITGB6","Human","TStroma","TPancreatic_tissue",4,0.0134228187919463,0.013,0.81761006022862
"355","TNC","ITGB1","Human","TStroma","TPancreatic_tissue",8,0.0268456375838926,0,0.971736638200636
"3561","TNC","SDC4","Human","TStroma","TPancreatic_tissue",15,0.0503355704697987,0,0.888664549376595
"3581","TNC","ITGA2","Human","TStroma","TPancreatic_tissue",3,0.0100671140939597,0.075,0.716635735142667
"368","SEMA3A","PLXNA3","Human","TStroma","TPancreatic_tissue",5,0.0167785234899329,0,0.827936546109755
"371","SEMA3A","PLXNA2","Human","TStroma","TPancreatic_tissue",7,0.023489932885906,0,0.83169841204717
"382","TIMP3","CD44","Human","TStroma","TPancreatic_tissue",22,0.0738255033557047,0,0.930724413574934
"3841","LUM","ITGB1","Human","TStroma","TPancreatic_tissue",22,0.0738255033557047,0,0.971736638200636
"4051","CALM2","INSR","Human","TStroma","TPancreatic_tissue",49,0.164429530201342,0,0.961791835960839
"4091","CALM2","AQP1","Human","TStroma","TPancreatic_tissue",59,0.197986577181208,0,0.710469226825928
"4291","APP","NCSTN","Human","TStroma","TPancreatic_tissue",36,0.120805369127517,0,0.749636557159236
"4381","SST","SSTR2","Human","TStroma","TPancreatic_tissue",7,0.023489932885906,0,0.897056618405583
"4461","CALM3","INSR","Human","TStroma","TPancreatic_tissue",39,0.130872483221477,0,0.961791835960839
"4511","CALM3","AQP1","Human","TStroma","TPancreatic_tissue",54,0.181208053691275,0,0.710469226825928
"460","TNFSF12","TNFRSF12A","Human","TStroma","TPancreatic_tissue",22,0.0738255033557047,0,0.915688363758075
"4621","FGF19","FGFR1","Human","TStroma","TPancreatic_tissue",27,0.0906040268456376,0,0.999809212451479
"463","FGF19","FGFR3","Human","TStroma","TPancreatic_tissue",30,0.100671140939597,0,0.999918070661989
"466","VCAM1","ITGB1","Human","TStroma","TPancreatic_tissue",13,0.0436241610738255,0,0.971736638200636
"467","VCAM1","ITGB2","Human","TStroma","TPancreatic_tissue",12,0.0402684563758389,0,0.98530642748959
"468","VCAM1","EZR","Human","TStroma","TPancreatic_tissue",40,0.134228187919463,0,0.837543346560646
"469","VCAM1","MSN","Human","TStroma","TPancreatic_tissue",31,0.104026845637584,0,0.836296058128656
"475","COL6A3","ITGB1","Human","TStroma","TPancreatic_tissue",27,0.0906040268456376,0,0.971736638200636
"476","COL6A3","ITGA2","Human","TStroma","TPancreatic_tissue",19,0.063758389261745,0.087,0.711972112492578
"483","LIPH","LPAR4","Human","TStroma","TPancreatic_tissue",17,0.0570469798657718,0.004,0.785707696366631
"495","COL1A2","CD44","Human","TStroma","TPancreatic_tissue",57,0.191275167785235,0,0.930724413574934
"496","COL1A2","ITGB1","Human","TStroma","TPancreatic_tissue",29,0.0973154362416107,0,0.971736638200636
"499","COL14A1","CD44","Human","TStroma","TPancreatic_tissue",23,0.0771812080536913,0,0.930724413574934
"506","COL6A2","ITGB1","Human","TStroma","TPancreatic_tissue",28,0.0939597315436242,0.003,0.97027793839673
"520","CD14","ITGB1","Human","TStroma","TPancreatic_tissue",25,0.0838926174496644,0,0.971736638200636
"522","CD14","ITGB2","Human","TStroma","TPancreatic_tissue",23,0.0771812080536913,0,0.98530642748959
"525","COL3A1","ITGB1","Human","TStroma","TPancreatic_tissue",30,0.100671140939597,0,0.971736638200636
"530","FGB","ITGB1","Human","TStroma","TPancreatic_tissue",16,0.0536912751677852,0,0.971736638200636
"531","FGB","ITGB2","Human","TStroma","TPancreatic_tissue",13,0.0436241610738255,0,0.98530642748959
"5341","FGA","ITGAX","Human","TStroma","TPancreatic_tissue",20,0.0671140939597315,0,0.916825417338176
"535","FGA","ITGB1","Human","TStroma","TPancreatic_tissue",20,0.0671140939597315,0,0.971736638200636
"537","FGA","ITGB2","Human","TStroma","TPancreatic_tissue",16,0.0536912751677852,0,0.98530642748959
"543","HAS2","CD44","Human","TStroma","TPancreatic_tissue",13,0.0436241610738255,0,0.930724413574934
"555","EFEMP2","AQP1","Human","TStroma","TPancreatic_tissue",73,0.24496644295302,0,0.710469226825928
"5631","GNAI2","F2R","Human","TStroma","TPancreatic_tissue",21,0.0704697986577181,0,0.859780711436536
"575","AGTRAP","RACK1","Human","TStroma","TPancreatic_tissue",80,0.268456375838926,0,0.999999943092039
"576","PKM","CD44","Human","TStroma","TPancreatic_tissue",54,0.181208053691275,0,0.930724413574934
"578","LPA","ITGB2","Human","TStroma","TPancreatic_tissue",5,0.0167785234899329,0,0.98530642748959
"580","LPA","LPAR4","Human","TStroma","TPancreatic_tissue",1,0.00335570469798658,0.048,0.768156681178316
"5851","MMP1","CD44","Human","TStroma","TPancreatic_tissue",70,0.23489932885906,0,0.930724413574934
"5891","MTMR4","SMAD3","Human","TStroma","TPancreatic_tissue",6,0.0201342281879195,0.001,0.970726904436233
"590","FBN1","ITGB1","Human","TStroma","TPancreatic_tissue",14,0.0469798657718121,0,0.971736638200636
"592","PSEN1","CD44","Human","TStroma","TPancreatic_tissue",24,0.0805369127516778,0,0.930724413574934
"597","EFNA5","EPHB6","Human","TStroma","TPancreatic_tissue",11,0.0369127516778524,0,0.834292947105021
"600","EFNA5","EPHB2","Human","TStroma","TPancreatic_tissue",7,0.023489932885906,0,0.840741575461747
"601","EFNA5","EPHA2","Human","TStroma","TPancreatic_tissue",6,0.0201342281879195,0.09,0.952812891010688
"6061","FBLN1","ITGB1","Human","TStroma","TPancreatic_tissue",29,0.0973154362416107,0.004,0.969791217554267
"607","COL4A5","ITGB1","Human","TStroma","TPancreatic_tissue",8,0.0268456375838926,0,0.971736638200636
"612","HSP90AA1","FGFR3","Human","TStroma","TPancreatic_tissue",54,0.181208053691275,0,0.999918070661989
"613","FGG","ITGB1","Human","TStroma","TPancreatic_tissue",16,0.0536912751677852,0,0.971736638200636
"614","FGG","ITGB2","Human","TStroma","TPancreatic_tissue",13,0.0436241610738255,0,0.98530642748959
"616","CXCL14","CXCR4","Human","TStroma","TPancreatic_tissue",14,0.0469798657718121,0,0.988899770919097
"621","PTN","SDC1","Human","TStroma","TPancreatic_tissue",15,0.0503355704697987,0,0.977911475714839
"6291","HMGB1","SDC1","Human","TStroma","TPancreatic_tissue",32,0.10738255033557,0.044,0.956155414534711
"6321","HMGB1","CXCR4","Human","TStroma","TPancreatic_tissue",12,0.0402684563758389,0,0.988899770919097
"635","FN1","ITGA6","Human","TStroma","TPancreatic_tissue",21,0.0704697986577181,0,0.855100102164131
"638","FN1","CD44","Human","TStroma","TPancreatic_tissue",43,0.144295302013423,0,0.930724413574934
"639","FN1","ITGB1","Human","TStroma","TPancreatic_tissue",21,0.0704697986577181,0.002,0.970764415207639
"654","CALM1","PTPRA","Human","TStroma","TPancreatic_tissue",33,0.110738255033557,0,0.998214152309054
"663","LAMC3","ITGA6","Human","TStroma","TPancreatic_tissue",7,0.023489932885906,0,0.855100102164131
"664","LAMC3","ITGB1","Human","TStroma","TPancreatic_tissue",6,0.0201342281879195,0.029,0.957542794497901
"665","COL6A1","ITGB1","Human","TStroma","TPancreatic_tissue",18,0.0604026845637584,0.002,0.970764415207639
"6661","COL6A1","ITGA6","Human","TStroma","TPancreatic_tissue",21,0.0704697986577181,0,0.855100102164131
"668","TGM2","ITGB1","Human","TStroma","TPancreatic_tissue",24,0.0805369127516778,0.002,0.970764415207639
"683","EFNA1","EPHB6","Human","TStroma","TPancreatic_tissue",27,0.0906040268456376,0,0.834292947105021
"687","ADAM12","ITGB1","Human","TStroma","TPancreatic_tissue",6,0.0201342281879195,0.01,0.966865747185853
"6881","ADAM12","SDC4","Human","TStroma","TPancreatic_tissue",13,0.0436241610738255,0.065,0.859297723162928
"689","S100A8","ITGB2","Human","TStroma","TPancreatic_tissue",7,0.023489932885906,0,0.98530642748959
"693","S100A9","ITGB2","Human","TStroma","TPancreatic_tissue",7,0.023489932885906,0.013,0.978880984708365
"7051","COL5A1","ITGB1","Human","TStroma","TPancreatic_tissue",28,0.0939597315436242,0,0.971736638200636
"7061","CEL","CXCR4","Human","TStroma","TPancreatic_tissue",29,0.0973154362416107,0,0.988899770919097
"714","SPTAN1","PTPRA","Human","TStroma","TPancreatic_tissue",24,0.0805369127516778,0,0.998214152309054
"7201","COL16A1","ITGB1","Human","TStroma","TPancreatic_tissue",21,0.0704697986577181,0,0.971736638200636
"7221","HSPG2","ITGB1","Human","TStroma","TPancreatic_tissue",31,0.104026845637584,0.012,0.965888621370609
"7231","HSPG2","FGFR1","Human","TStroma","TPancreatic_tissue",63,0.211409395973154,0,0.999809212451479
"728","COL4A1","ITGB1","Human","TStroma","TPancreatic_tissue",20,0.0671140939597315,0,0.971736638200636
"733","HLA-E","KLRD1","Human","TStroma","TPancreatic_tissue",23,0.0771812080536913,0,0.999998250387935
"7371","AGRN","ITGB1","Human","TStroma","TPancreatic_tissue",14,0.0469798657718121,0,0.971736638200636
"7401","ZG16B","CXCR4","Human","TStroma","TPancreatic_tissue",17,0.0570469798657718,0,0.988899770919097
"741","LAMA1","ITGA6","Human","TStroma","TPancreatic_tissue",7,0.023489932885906,0,0.855100102164131
"743","LAMA1","ITGB1","Human","TStroma","TPancreatic_tissue",8,0.0268456375838926,0,0.971736638200636
"745","LAMB3","ITGA6","Human","TStroma","TPancreatic_tissue",14,0.0469798657718121,0.024,0.844776583652625
"746","AFDN","EPHB6","Human","TStroma","TPancreatic_tissue",22,0.0738255033557047,0,0.834292947105021
"7491","SPP1","CD44","Human","TStroma","TPancreatic_tissue",63,0.211409395973154,0,0.930724413574934
"751","LGALS9","CD44","Human","TStroma","TPancreatic_tissue",37,0.124161073825503,0,0.930724413574934
"752","LGALS9","SLC1A5","Human","TStroma","TPancreatic_tissue",23,0.0771812080536913,0.099,0.71669173008336
"7541","CXCL12","ITGB1","Human","TStroma","TPancreatic_tissue",9,0.0302013422818792,0,0.971736638200636
"755","CXCL12","CXCR4","Human","TStroma","TPancreatic_tissue",7,0.023489932885906,0,0.988899770919097
"761","MDK","ITGA6","Human","TStroma","TPancreatic_tissue",23,0.0771812080536913,0,0.855100102164131
"7681","S100A10","CFTR","Human","TStroma","TPancreatic_tissue",56,0.187919463087248,0,0.945288960539518
"769","SHANK2","CFTR","Human","TStroma","TPancreatic_tissue",16,0.0536912751677852,0,0.945288960539518
"770","HSP90AA1","CFTR","Human","TStroma","TPancreatic_tissue",56,0.187919463087248,0,0.945288960539518
"773","LAMA4","ITGA3","Human","TStroma","TPancreatic_tissue",17,0.0570469798657718,0,0.860364600342022
"774","LAMA2","ITGA3","Human","TStroma","TPancreatic_tissue",8,0.0268456375838926,0.006,0.857779623241633
"775","LAMA1","ITGA3","Human","TStroma","TPancreatic_tissue",11,0.0369127516778524,0,0.860364600342022
"776","LGALS8","ITGA3","Human","TStroma","TPancreatic_tissue",17,0.0570469798657718,0.001,0.85993431044247
"777","NID1","ITGA3","Human","TStroma","TPancreatic_tissue",24,0.0805369127516778,0,0.860364600342022
"779","THBS1","ITGA3","Human","TStroma","TPancreatic_tissue",31,0.104026845637584,0,0.860364600342022
"781","TIMP2","ITGA3","Human","TStroma","TPancreatic_tissue",64,0.214765100671141,0.068,0.830597250673401
"782","RELN","ITGA3","Human","TStroma","TPancreatic_tissue",11,0.0369127516778524,0,0.860364600342022
"785","LAMA5","ITGA3","Human","TStroma","TPancreatic_tissue",16,0.0536912751677852,0.05,0.838579682108745
"787","LAMC1","ITGA3","Human","TStroma","TPancreatic_tissue",27,0.0906040268456376,0,0.860364600342022
"790","VTN","ITGA3","Human","TStroma","TPancreatic_tissue",11,0.0369127516778524,0.005,0.858210993459114
"794","HLA-G","CD4","Human","TStroma","TPancreatic_tissue",7,0.023489932885906,0,0.949954456684339
"795","CXCL12","CD4","Human","TStroma","TPancreatic_tissue",6,0.0201342281879195,0.002,0.949004026774854
"796","SLPI","CD4","Human","TStroma","TPancreatic_tissue",17,0.0570469798657718,0.025,0.938004868340286
"8001","ADCYAP1","SCTR","Human","TStroma","TPancreatic_tissue",8,0.0268456375838926,0,0.854082236239223
"802","CALM1","SCTR","Human","TStroma","TPancreatic_tissue",48,0.161073825503356,0,0.854082236239223
"8101","RTN4","NGFR","Human","TStroma","TPancreatic_tissue",8,0.0268456375838926,0,0.755129322523416
"8111","APP","NGFR","Human","TStroma","TPancreatic_tissue",19,0.063758389261745,0,0.755129322523416
"818","LAMC3","ITGB4","Human","TStroma","TPancreatic_tissue",14,0.0469798657718121,0.041,0.815844949612657
"8201","LAMA5","ITGB4","Human","TStroma","TPancreatic_tissue",18,0.0604026845637584,0.088,0.795601778005241
"821","LAMC1","ITGB4","Human","TStroma","TPancreatic_tissue",29,0.0973154362416107,0,0.833102285403293
"822","LAMA1","ITGB4","Human","TStroma","TPancreatic_tissue",13,0.0436241610738255,0,0.833102285403293
"833","LAMA1","ITGB8","Human","TStroma","TPancreatic_tissue",5,0.0167785234899329,0,0.741430028319832
"834","VTN","ITGB8","Human","TStroma","TPancreatic_tissue",5,0.0167785234899329,0,0.741430028319832
"835","COL4A1","ITGB8","Human","TStroma","TPancreatic_tissue",12,0.0402684563758389,0,0.741430028319832
"836","FN1","ITGB8","Human","TStroma","TPancreatic_tissue",13,0.0436241610738255,0,0.741430028319832
"867","ADCYAP1","RAMP3","Human","TStroma","TPancreatic_tissue",2,0.00671140939597315,0,0.862466338598005
"868","ADM","RAMP3","Human","TStroma","TPancreatic_tissue",6,0.0201342281879195,0,0.862466338598005
"869","ADM2","RAMP3","Human","TStroma","TPancreatic_tissue",13,0.0436241610738255,0,0.862466338598005
"888","BMP2","SMO","Human","TStroma","TPancreatic_tissue",9,0.0302013422818792,0,0.876876820669771
"889","SHH","SMO","Human","TStroma","TPancreatic_tissue",7,0.023489932885906,0,0.876876820669771
"893","AFDN","NECTIN2","Human","TStroma","TPancreatic_tissue",43,0.144295302013423,0,0.829534979291936
"894","ADCYAP1","RAMP2","Human","TStroma","TPancreatic_tissue",3,0.0100671140939597,0,0.837366176673062
"895","ADM","RAMP2","Human","TStroma","TPancreatic_tissue",7,0.023489932885906,0,0.837366176673062
"896","ADM2","RAMP2","Human","TStroma","TPancreatic_tissue",12,0.0402684563758389,0,0.837366176673062
"900","ADM","RAMP1","Human","TStroma","TPancreatic_tissue",15,0.0503355704697987,0,0.84321070891215
"9011","ADM2","RAMP1","Human","TStroma","TPancreatic_tissue",33,0.110738255033557,0,0.84321070891215
"905","MFNG","NOTCH2","Human","TStroma","TPancreatic_tissue",10,0.0335570469798658,0,0.996294796257526
"906","PSEN1","NOTCH2","Human","TStroma","TPancreatic_tissue",15,0.0503355704697987,0,0.996294796257526
"907","ADAM10","NOTCH2","Human","TStroma","TPancreatic_tissue",18,0.0604026845637584,0,0.996294796257526
"908","APP","NOTCH2","Human","TStroma","TPancreatic_tissue",33,0.110738255033557,0,0.996294796257526
"909","JAG2","NOTCH2","Human","TStroma","TPancreatic_tissue",15,0.0503355704697987,0,0.996294796257526
"911","PDGFC","PDGFRA","Human","TStroma","TPancreatic_tissue",11,0.0369127516778524,0,0.999957976302992
"912","PDGFB","PDGFRA","Human","TStroma","TPancreatic_tissue",4,0.0134228187919463,0.055,0.972070253058655
"9211","CD14","RIPK1","Human","TStroma","TPancreatic_tissue",24,0.0805369127516778,0,0.816775790888276
"9321","TNC","ITGAV","Human","TStroma","TPancreatic_tissue",13,0.0436241610738255,0,0.999824702638968
"933","PLAU","ITGAV","Human","TStroma","TPancreatic_tissue",10,0.0335570469798658,0.055,0.971940696249884
"935","COL4A5","ITGAV","Human","TStroma","TPancreatic_tissue",13,0.0436241610738255,0,0.999824702638968
"9361","SPP1","ITGAV","Human","TStroma","TPancreatic_tissue",44,0.147651006711409,0,0.999824702638968
"937","NID1","ITGAV","Human","TStroma","TPancreatic_tissue",26,0.087248322147651,0,0.999824702638968
"9381","PDGFB","ITGAV","Human","TStroma","TPancreatic_tissue",6,0.0201342281879195,0.036,0.981662903603291
"9411","CALR","ITGAV","Human","TStroma","TPancreatic_tissue",57,0.191275167785235,0,0.999824702638968
"942","FGG","ITGAV","Human","TStroma","TPancreatic_tissue",29,0.0973154362416107,0,0.999824702638968
"9431","FGA","ITGAV","Human","TStroma","TPancreatic_tissue",36,0.120805369127517,0,0.999824702638968
"945","MFGE8","ITGAV","Human","TStroma","TPancreatic_tissue",37,0.124161073825503,0,0.999824702638968
"946","FGB","ITGAV","Human","TStroma","TPancreatic_tissue",29,0.0973154362416107,0,0.999824702638968
"947","FBN1","ITGAV","Human","TStroma","TPancreatic_tissue",26,0.087248322147651,0,0.999824702638968
"948","AZGP1","ITGAV","Human","TStroma","TPancreatic_tissue",36,0.120805369127517,0,0.999824702638968
"949","ADAM9","ITGAV","Human","TStroma","TPancreatic_tissue",6,0.0201342281879195,0.095,0.951148116534132
"9501","VEGFA","ITGAV","Human","TStroma","TPancreatic_tissue",29,0.0973154362416107,0,0.999824702638968
"9511","ADAM15","ITGAV","Human","TStroma","TPancreatic_tissue",19,0.063758389261745,0.023,0.988259833737533
"9521","COL1A2","ITGAV","Human","TStroma","TPancreatic_tissue",50,0.167785234899329,0,0.999824702638968
"953","COL4A1","ITGAV","Human","TStroma","TPancreatic_tissue",36,0.120805369127517,0,0.999824702638968
"954","FN1","ITGAV","Human","TStroma","TPancreatic_tissue",39,0.130872483221477,0,0.999824702638968
"955","CP","SLC40A1","Human","TStroma","TPancreatic_tissue",8,0.0268456375838926,0,0.707106781186548
"965","PDGFC","PDGFRB","Human","TStroma","TPancreatic_tissue",18,0.0604026845637584,0,0.999959618592424
"968","MFGE8","PDGFRB","Human","TStroma","TPancreatic_tissue",39,0.130872483221477,0.009,0.995449629899055
"975","ADCYAP1","VIPR2","Human","TStroma","TPancreatic_tissue",1,0.00335570469798658,0.01,0.850321518789105
"986","PSEN1","NOTCH3","Human","TStroma","TPancreatic_tissue",29,0.0973154362416107,0,0.999380847888284
"9881","SCGB3A1","NOTCH3","Human","TStroma","TPancreatic_tissue",60,0.201342281879195,0,0.999380847888284
"9891","JAG2","NOTCH3","Human","TStroma","TPancreatic_tissue",29,0.0973154362416107,0,0.999380847888284
"994","BMP2","ACVR1","Human","TStroma","TPancreatic_tissue",8,0.0268456375838926,0,0.72283687043942
"1004","LAMA1","GPC1","Human","TStroma","TPancreatic_tissue",13,0.0436241610738255,0,0.906284639254553
"1005","BMP2","GPC1","Human","TStroma","TPancreatic_tissue",32,0.10738255033557,0,0.906284639254553
"1006","SLIT1","GPC1","Human","TStroma","TPancreatic_tissue",2,0.00671140939597315,0.05,0.883336999667351
"10081","APP","GPC1","Human","TStroma","TPancreatic_tissue",66,0.221476510067114,0,0.906284639254553
"10101","COL18A1","GPC1","Human","TStroma","TPancreatic_tissue",56,0.187919463087248,0.017,0.898548199009839
"10111","SLIT2","GPC1","Human","TStroma","TPancreatic_tissue",15,0.0503355704697987,0,0.906284639254553
"1012","SHH","GPC1","Human","TStroma","TPancreatic_tissue",25,0.0838926174496644,0,0.906284639254553
"10131","VEGFA","GPC1","Human","TStroma","TPancreatic_tissue",32,0.10738255033557,0,0.906284639254553
"10161","TNC","ITGA9","Human","TStroma","TPancreatic_tissue",2,0.00671140939597315,0.019,0.729112724911376
"10191","SPP1","ITGA9","Human","TStroma","TPancreatic_tissue",13,0.0436241610738255,0,0.736139588674564
"1021","ADAM12","ITGA9","Human","TStroma","TPancreatic_tissue",4,0.0134228187919463,0,0.736139588674564
"1022","VCAM1","ITGA9","Human","TStroma","TPancreatic_tissue",9,0.0302013422818792,0,0.736139588674564
"10231","TGM2","ITGA9","Human","TStroma","TPancreatic_tissue",14,0.0469798657718121,0,0.736139588674564
"10241","VEGFA","ITGA9","Human","TStroma","TPancreatic_tissue",8,0.0268456375838926,0,0.736139588674564
"10261","ADAM15","ITGA9","Human","TStroma","TPancreatic_tissue",8,0.0268456375838926,0.001,0.735771426816741
"10271","FN1","ITGA9","Human","TStroma","TPancreatic_tissue",10,0.0335570469798658,0.001,0.735771426816741
"1046","TGFA","ERBB3","Human","TStroma","TPancreatic_tissue",19,0.063758389261745,0,0.999999999836174
"1049","GPC3","IGF1R","Human","TStroma","TPancreatic_tissue",13,0.0436241610738255,0,0.998102774719625
"1050","INS","IGF1R","Human","TStroma","TPancreatic_tissue",17,0.0570469798657718,0,0.998102774719625
"10521","GNAI2","IGF1R","Human","TStroma","TPancreatic_tissue",24,0.0805369127516778,0,0.998102774719625
"1054","S100A4","ERBB2","Human","TStroma","TPancreatic_tissue",39,0.130872483221477,0.011,0.994483880666723
"1056","SEMA4D","ERBB2","Human","TStroma","TPancreatic_tissue",16,0.0536912751677852,0,0.999999084380746
"1058","HLA-A","ERBB2","Human","TStroma","TPancreatic_tissue",77,0.258389261744966,0.06,0.969535083757463
"1059","NRG4","ERBB2","Human","TStroma","TPancreatic_tissue",10,0.0335570469798658,0,0.999999084380746
"1060","HSP90B1","ERBB2","Human","TStroma","TPancreatic_tissue",48,0.161073825503356,0.001,0.999498959776131
"1061","TGFA","ERBB2","Human","TStroma","TPancreatic_tissue",22,0.0738255033557047,0,0.999999084380746
"1063","HSP90AA1","ERBB2","Human","TStroma","TPancreatic_tissue",42,0.140939597315436,0,0.999999084380746
"11061","GNAI2","ADRA2A","Human","TStroma","TPancreatic_tissue",41,0.13758389261745,0,0.870690341891388
"11071","AGT","ADRA2A","Human","TStroma","TPancreatic_tissue",26,0.087248322147651,0,0.870690341891388
"1108","CXCL12","ADRA2A","Human","TStroma","TPancreatic_tissue",13,0.0436241610738255,0,0.870690341891388
"1109","CXCL3","ADRA2A","Human","TStroma","TPancreatic_tissue",10,0.0335570469798658,0,0.870690341891388
"11101","CCL5","ADRA2A","Human","TStroma","TPancreatic_tissue",11,0.0369127516778524,0,0.870690341891388
"11111","SST","ADRA2A","Human","TStroma","TPancreatic_tissue",10,0.0335570469798658,0,0.870690341891388
"1113","SAA1","ADRA2A","Human","TStroma","TPancreatic_tissue",8,0.0268456375838926,0.005,0.868510888305741
"1116","CXCL2","ADRA2A","Human","TStroma","TPancreatic_tissue",28,0.0939597315436242,0,0.870690341891388
"1118","CXCL5","ADRA2A","Human","TStroma","TPancreatic_tissue",10,0.0335570469798658,0,0.870690341891388
"11201","APP","ADRA2A","Human","TStroma","TPancreatic_tissue",42,0.140939597315436,0,0.870690341891388
"11211","CXCL1","ADRA2A","Human","TStroma","TPancreatic_tissue",14,0.0469798657718121,0,0.870690341891388
"11231","PPY","ADRA2A","Human","TStroma","TPancreatic_tissue",48,0.161073825503356,0,0.870690341891388
"1124","CXCL16","ADRA2A","Human","TStroma","TPancreatic_tissue",28,0.0939597315436242,0,0.870690341891388
"1128","ANXA1","ADRA2A","Human","TStroma","TPancreatic_tissue",22,0.0738255033557047,0,0.870690341891388
"1140","COL4A5","ITGA1","Human","TStroma","TPancreatic_tissue",5,0.0167785234899329,0,0.737699790938901
"1142","LAMA1","ITGA1","Human","TStroma","TPancreatic_tissue",5,0.0167785234899329,0,0.737699790938901
"11431","COL6A1","ITGA1","Human","TStroma","TPancreatic_tissue",12,0.0402684563758389,0.064,0.713703102649845
"1145","COL5A1","ITGA1","Human","TStroma","TPancreatic_tissue",23,0.0771812080536913,0,0.737699790938901
"1146","COL6A2","ITGA1","Human","TStroma","TPancreatic_tissue",22,0.0738255033557047,0.051,0.718642283401264
"1148","COL6A3","ITGA1","Human","TStroma","TPancreatic_tissue",22,0.0738255033557047,0.002,0.736961721928755
"1150","COL1A2","ITGA1","Human","TStroma","TPancreatic_tissue",23,0.0771812080536913,0.006,0.735483361920575
"1151","COL4A1","ITGA1","Human","TStroma","TPancreatic_tissue",15,0.0503355704697987,0,0.737699790938901
"1159","CSF1","CSF1R","Human","TStroma","TPancreatic_tissue",17,0.0570469798657718,0,0.999924992793544
"1176","FGF19","FGFR4","Human","TStroma","TPancreatic_tissue",21,0.0704697986577181,0,0.999911216851535
"1183","FGG","ITGA5","Human","TStroma","TPancreatic_tissue",22,0.0738255033557047,0,0.885842247409127
"11841","FGA","ITGA5","Human","TStroma","TPancreatic_tissue",29,0.0973154362416107,0,0.885842247409127
"11851","FGB","ITGA5","Human","TStroma","TPancreatic_tissue",23,0.0771812080536913,0,0.885842247409127
"1186","FBN1","ITGA5","Human","TStroma","TPancreatic_tissue",20,0.0671140939597315,0.012,0.880511152369641
"1191","FN1","ITGA5","Human","TStroma","TPancreatic_tissue",30,0.100671140939597,0.083,0.848283572191151
"1196","PSEN1","NCSTN","Human","TStroma","TPancreatic_tissue",17,0.0570469798657718,0,0.749636557159236
"1204","PLAU","ITGB5","Human","TStroma","TPancreatic_tissue",11,0.0369127516778524,0.083,0.820985689799208
"12071","SPP1","ITGB5","Human","TStroma","TPancreatic_tissue",43,0.144295302013423,0.006,0.854759844873283
"12081","TLN1","ITGB5","Human","TStroma","TPancreatic_tissue",31,0.104026845637584,0,0.857335721666648
"12091","COL4A2","ITGB5","Human","TStroma","TPancreatic_tissue",55,0.184563758389262,0,0.857335721666648
"12111","COL18A1","ITGB5","Human","TStroma","TPancreatic_tissue",41,0.13758389261745,0.015,0.850881408629303
"1212","ITGB3BP","ITGB5","Human","TStroma","TPancreatic_tissue",11,0.0369127516778524,0,0.857335721666648
"12131","LTBP3","ITGB5","Human","TStroma","TPancreatic_tissue",40,0.134228187919463,0.002,0.856477956847916
"1214","LTBP1","ITGB5","Human","TStroma","TPancreatic_tissue",18,0.0604026845637584,0,0.857335721666648
"1216","COL4A5","ITGA2","Human","TStroma","TPancreatic_tissue",3,0.0100671140939597,0.019,0.738009747333773
"1217","LAMA2","ITGA2","Human","TStroma","TPancreatic_tissue",3,0.0100671140939597,0.057,0.723574812136216
"1218","LAMA1","ITGA2","Human","TStroma","TPancreatic_tissue",3,0.0100671140939597,0.009,0.741761727526612
"1219","LAMC3","ITGA2","Human","TStroma","TPancreatic_tissue",6,0.0201342281879195,0.026,0.735371971097033
"1230","COL4A1","ITGA2","Human","TStroma","TPancreatic_tissue",14,0.0469798657718121,0.001,0.744749702271943
"1233","COL3A1","ITGA2","Human","TStroma","TPancreatic_tissue",22,0.0738255033557047,0.051,0.725873096840021
"12431","GAS6","AXL","Human","TStroma","TPancreatic_tissue",51,0.171140939597315,0,0.999457430638606
"1249","INS","INSR","Human","TStroma","TPancreatic_tissue",47,0.157718120805369,0,0.961791835960839
"1250","ARF1","INSR","Human","TStroma","TPancreatic_tissue",36,0.120805369127517,0,0.961791835960839
"12531","HRAS","INSR","Human","TStroma","TPancreatic_tissue",29,0.0973154362416107,0,0.961791835960839
"12541","CALM1","INSR","Human","TStroma","TPancreatic_tissue",45,0.151006711409396,0,0.961791835960839
"1269","LAMA1","SDC2","Human","TStroma","TPancreatic_tissue",5,0.0167785234899329,0,0.925606484827446
"1270","HRAS","SDC2","Human","TStroma","TPancreatic_tissue",12,0.0402684563758389,0,0.925606484827446
"1272","FN1","SDC2","Human","TStroma","TPancreatic_tissue",19,0.063758389261745,0,0.925606484827446
"1273","PLAU","MRC2","Human","TStroma","TPancreatic_tissue",14,0.0469798657718121,0.011,0.935256440592802
"12741","LGALS9","MRC2","Human","TStroma","TPancreatic_tissue",35,0.11744966442953,0,0.940443181066929
"12751","CALM1","AQP1","Human","TStroma","TPancreatic_tissue",64,0.214765100671141,0,0.710469226825928
"1328","FGF16","FGFR3","Human","TStroma","TPancreatic_tissue",2,0.00671140939597315,0.077,0.960650178076073
"1351","EFNA1","EPHA2","Human","TStroma","TPancreatic_tissue",17,0.0570469798657718,0.025,0.986255040875844
"1353","SEMA4D","PLXNB1","Human","TStroma","TPancreatic_tissue",20,0.0671140939597315,0,0.886088362209132
"1364","GNAS","ADORA1","Human","TStroma","TPancreatic_tissue",15,0.0503355704697987,0.002,0.896993417960878
"1372","MDK","SDC4","Human","TStroma","TPancreatic_tissue",51,0.171140939597315,0.067,0.858378196175995
"13731","CXCL12","SDC4","Human","TStroma","TPancreatic_tissue",20,0.0671140939597315,0,0.888664549376595
"13742","CCL5","SDC4","Human","TStroma","TPancreatic_tissue",17,0.0570469798657718,0,0.888664549376595
"1375","LAMA1","SDC4","Human","TStroma","TPancreatic_tissue",15,0.0503355704697987,0,0.888664549376595
"1381","ALOX5AP","ALOX5","Human","TStroma","TPancreatic_tissue",12,0.0402684563758389,0,0.784549469453003
"13851","VEGFA","EPHB2","Human","TStroma","TPancreatic_tissue",13,0.0436241610738255,0,0.840741575461747
"1386","AFDN","EPHB2","Human","TStroma","TPancreatic_tissue",17,0.0570469798657718,0,0.840741575461747
"1395","SPTBN2","PTPRA","Human","TStroma","TPancreatic_tissue",15,0.0503355704697987,0,0.998214152309054
"1398","MDK","SDC1","Human","TStroma","TPancreatic_tissue",53,0.177852348993289,0.007,0.974482774785902
"13991","CCL5","SDC1","Human","TStroma","TPancreatic_tissue",14,0.0469798657718121,0.003,0.976443506697531
"14001","SLIT2","SDC1","Human","TStroma","TPancreatic_tissue",16,0.0536912751677852,0,0.977911475714839
"1402","HLA-G","KLRD1","Human","TStroma","TPancreatic_tissue",8,0.0268456375838926,0,0.999998250387935
"1403","B2M","KLRD1","Human","TStroma","TPancreatic_tissue",23,0.0771812080536913,0,0.999998250387935
"1404","HLA-B","KLRD1","Human","TStroma","TPancreatic_tissue",22,0.0738255033557047,0,0.999998250387935
"1413","NPNT","ITGB1","Human","TStroma","TPancreatic_tissue",14,0.0469798657718121,0,0.971736638200636
"1414","MDK","ITGB1","Human","TStroma","TPancreatic_tissue",21,0.0704697986577181,0,0.971736638200636
"1416","RELN","ITGB1","Human","TStroma","TPancreatic_tissue",8,0.0268456375838926,0,0.971736638200636
"14211","VEGFA","ITGB1","Human","TStroma","TPancreatic_tissue",16,0.0536912751677852,0,0.971736638200636
"1423","SPON2","ITGB2","Human","TStroma","TPancreatic_tissue",17,0.0570469798657718,0.003,0.983827357712796
"1424","ICAM2","ITGB2","Human","TStroma","TPancreatic_tissue",8,0.0268456375838926,0,0.98530642748959
"1427","LAMA2","ITGA6","Human","TStroma","TPancreatic_tissue",4,0.0134228187919463,0.002,0.854244574083831
"14281","ADAM9","ITGA6","Human","TStroma","TPancreatic_tissue",4,0.0134228187919463,0.084,0.818398255866014
"1436","VIM","CD44","Human","TStroma","TPancreatic_tissue",37,0.124161073825503,0,0.930724413574934
"14381","SEMA4D","PLXNB2","Human","TStroma","TPancreatic_tissue",28,0.0939597315436242,0,0.947343707195136
"721","HSPG2","SDC1","Human","TCancer_region","TPancreatic_tissue",6,0.75,0.016,0.74010897230821
"13981","MDK","SDC1","Human","TCancer_region","TPancreatic_tissue",4,0.5,0.008,0.743111455112554
"8","GRN","TNFRSF1A","Human","TPancreatic_tissue","TDuct_epithelium",32,0.516129032258065,0.004,0.717704378653092
"391","SEMA4G","PLXNB2","Human","TPancreatic_tissue","TDuct_epithelium",11,0.17741935483871,0,0.768429583357837
"1652","FGF23","FGFR3","Human","TPancreatic_tissue","TDuct_epithelium",4,0.0645161290322581,0.048,0.769589511818037
"2432","LAMC1","ITGA2","Human","TPancreatic_tissue","TDuct_epithelium",3,0.0483870967741935,0.025,0.714181444193456
"2542","MMP7","SDC1","Human","TPancreatic_tissue","TDuct_epithelium",19,0.306451612903226,0,0.751300150579861
"542","SEMA4C","PLXNB2","Human","TPancreatic_tissue","TDuct_epithelium",6,0.0967741935483871,0.005,0.766506102034812
"6121","HSP90AA1","FGFR3","Human","TPancreatic_tissue","TDuct_epithelium",10,0.161290322580645,0.007,0.785986868691644
"6211","PTN","SDC1","Human","TPancreatic_tissue","TDuct_epithelium",3,0.0483870967741935,0.012,0.746778744519544
"6292","HMGB1","SDC1","Human","TPancreatic_tissue","TDuct_epithelium",12,0.193548387096774,0.001,0.750924406545067
"7211","HSPG2","SDC1","Human","TPancreatic_tissue","TDuct_epithelium",27,0.435483870967742,0.017,0.744886725405198
"8091","LTB","TNFRSF1A","Human","TPancreatic_tissue","TDuct_epithelium",16,0.258064516129032,0,0.719144108041179
"817","LAMA2","ITGB4","Human","TPancreatic_tissue","TDuct_epithelium",3,0.0483870967741935,0.035,0.709865433452076
"8211","LAMC1","ITGB4","Human","TPancreatic_tissue","TDuct_epithelium",6,0.0967741935483871,0.037,0.709129440062421
"12171","LAMA2","ITGA2","Human","TPancreatic_tissue","TDuct_epithelium",2,0.032258064516129,0.012,0.718926888053753
"12201","COL6A1","ITGA2","Human","TPancreatic_tissue","TDuct_epithelium",5,0.0806451612903226,0.045,0.706818552239278
"1221","COL4A4","ITGA2","Human","TPancreatic_tissue","TDuct_epithelium",1,0.0161290322580645,0.054,0.703480109556304
"1223","COL6A2","ITGA2","Human","TPancreatic_tissue","TDuct_epithelium",7,0.112903225806452,0.075,0.695628105835797
"12291","COL1A2","ITGA2","Human","TPancreatic_tissue","TDuct_epithelium",7,0.112903225806452,0.042,0.707927867939752
"12301","COL4A1","ITGA2","Human","TPancreatic_tissue","TDuct_epithelium",5,0.0806451612903226,0.006,0.72110656022452
"12331","COL3A1","ITGA2","Human","TPancreatic_tissue","TDuct_epithelium",7,0.112903225806452,0.035,0.710509535833221
"1327","FGF14","FGFR3","Human","TPancreatic_tissue","TDuct_epithelium",1,0.0161290322580645,0.058,0.765536879584447
"13982","MDK","SDC1","Human","TPancreatic_tissue","TDuct_epithelium",18,0.290322580645161,0,0.751300150579861
"14382","SEMA4D","PLXNB2","Human","TPancreatic_tissue","TDuct_epithelium",4,0.0645161290322581,0.054,0.747394064233993
"4601","TNFSF12","TNFRSF12A","Human","TPancreatic_tissue","TStroma",20,0.0630914826498423,0.005,0.7092988999777
"5751","AGTRAP","RACK1","Human","TPancreatic_tissue","TStroma",60,0.189274447949527,0.03,0.916772606174534
"8092","LTB","TNFRSF1A","Human","TPancreatic_tissue","TStroma",29,0.0914826498422713,0,0.713126332937554
"8821","HLA-B","CANX","Human","TPancreatic_tissue","TStroma",45,0.141955835962145,0,0.784622359598017
